Date,AAPL,JNJ,MSFT
2023-07-10,186.0023956298828,146.13629150390625,324.1600036621094
2023-07-11,185.47970581054688,145.33009338378906,324.7851257324219
2023-07-12,187.14634704589844,144.8262176513672,329.40582275390625
2023-07-13,187.90570068359375,145.4949951171875,334.73956298828125
2023-07-14,188.05364990234375,146.46609497070312,337.2599182128906
2023-07-17,191.30801391601562,145.73318481445312,337.7386779785156
2023-07-18,191.05160522460938,145.72401428222656,351.1806335449219
2023-07-19,192.40267944335938,145.43084716796875,346.8725280761719
2023-07-20,190.45986938476562,154.26263427734375,338.852294921875
2023-07-21,189.28636169433594,155.92088317871094,335.8239440917969
2023-07-24,190.0851593017578,156.7362518310547,337.1329650878906
2023-07-25,190.943115234375,157.93643188476562,342.8673400878906
2023-07-26,191.81097412109375,158.23875427246094,329.962646484375
2023-07-27,190.54867553710938,159.12742614746094,323.0755615234375
2023-07-28,193.12254333496094,159.8511962890625,330.54876708984375
2023-07-31,193.73402404785156,153.48391723632812,328.15545654296875
2023-08-01,192.90560913085938,154.72984313964844,328.5656433105469
2023-08-02,189.9175262451172,155.66433715820312,319.9300537109375
2023-08-03,188.52699279785156,156.33316040039062,319.109375
2023-08-04,179.47393798828125,154.86727905273438,320.2035827636719
2023-08-07,176.37734985351562,158.58689880371094,322.47967529296875
2023-08-08,177.31419372558594,158.66017150878906,318.5135192871094
2023-08-09,175.7264404296875,158.55941772460938,314.78179931640625
2023-08-10,175.50950622558594,157.73486328125,315.4656677246094
2023-08-11,175.5687713623047,159.27401733398438,313.59002685546875
2023-08-14,177.21788024902344,158.89837646484375,316.5499572753906
2023-08-15,175.23300170898438,158.44032287597656,314.4203796386719
2023-08-16,174.36399841308594,157.93643188476562,313.65673828125
2023-08-17,171.82611083984375,159.4205780029297,310.2109375
2023-08-18,172.30999755859375,158.02804565429688,309.8193054199219
2023-08-21,173.6431121826172,153.3189697265625,315.1056823730469
2023-08-22,175.01573181152344,152.10047912597656,315.6734313964844
2023-08-23,178.8571319580078,150.73544311523438,320.1178894042969
2023-08-24,174.1763916015625,151.2484588623047,313.23583984375
2023-08-25,176.3784942626953,153.41705322265625,316.1825256347656
2023-08-28,177.9387664794922,151.6083526611328,316.88739013671875
2023-08-29,181.81967163085938,151.62681579589844,321.4981994628906
2023-08-30,185.30555725097656,151.09156799316406,321.8702392578125
2023-08-31,185.52281188964844,149.19979858398438,320.8619384765625
2023-09-01,187.0929718017578,148.09242248535156,321.74298095703125
2023-09-05,187.32992553710938,148.2770233154297,326.5300598144531
2023-09-06,180.62478637695312,145.8131103515625,325.8741760253906
2023-09-07,175.34161376953125,147.6771697998047,322.9666748046875
2023-09-08,175.95387268066406,148.16624450683594,327.23486328125
2023-09-11,177.119140625,150.1041717529297,330.82769775390625
2023-09-12,174.0973663330078,150.9532012939453,324.7875061035156
2023-09-13,172.03346252441406,151.33154296875,328.98724365234375
2023-09-14,173.54434204101562,151.10081481933594,331.57171630859375
2023-09-15,172.82347106933594,148.987548828125,323.2701110839844
2023-09-18,175.7465057373047,149.92884826660156,322.1345520019531
2023-09-19,176.83274841308594,149.6796875,321.73321533203125
2023-09-20,173.29750061035156,150.33489990234375,314.01904296875
2023-09-21,171.7569580078125,149.18138122558594,312.8051452636719
2023-09-22,172.60621643066406,148.1109161376953,310.33819580078125
2023-09-25,173.88009643554688,147.88941955566406,310.8570251464844
2023-09-26,169.81158447265625,146.74514770507812,305.5706787109375
2023-09-27,168.30068969726562,144.98260498046875,306.20697021484375
2023-09-28,168.55746459960938,144.77035522460938,307.03912353515625
2023-09-29,169.07098388671875,143.72756958007812,309.1046447753906
2023-10-02,171.57920837402344,143.1738739013672,315.02728271484375
2023-10-03,170.24609375,143.3491973876953,306.7943420410156
2023-10-04,171.4903564453125,143.5153350830078,312.2471008300781
2023-10-05,172.7247314453125,145.01025390625,312.6387023925781
2023-10-06,175.2725067138672,145.4716796875,320.3724365234375
2023-10-09,176.75376892089844,146.30221557617188,322.8785095214844
2023-10-10,176.1612548828125,146.1361083984375,321.4786376953125
2023-10-11,177.5536346435547,144.12437438964844,325.4238586425781
2023-10-12,178.45228576660156,144.26278686523438,324.1903991699219
2023-10-13,176.6155242919922,144.74267578125,320.83258056640625
2023-10-16,176.4871063232422,145.37017822265625,325.63916015625
2023-10-17,174.9367218017578,144.0413360595703,325.0714111328125
2023-10-18,173.6431121826172,140.94065856933594,323.16241455078125
2023-10-19,173.26783752441406,140.56234741210938,324.34698486328125
2023-10-20,170.72012329101562,141.18983459472656,319.79486083984375
2023-10-23,170.83859252929688,139.70411682128906,322.3890380859375
2023-10-24,171.27310180664062,139.5564422607422,323.5735778808594
2023-10-25,168.9623565673828,139.87025451660156,333.5002746582031
2023-10-26,164.80491638183594,137.49859619140625,320.9892272949219
2023-10-27,166.11831665039062,134.36102294921875,322.8688049316406
2023-10-30,168.16244506835938,135.6806640625,330.2109375
2023-10-31,168.63644409179688,136.88954162597656,330.9941101074219
2023-11-01,171.79647827148438,137.21249389648438,338.78662109375
2023-11-02,175.3515167236328,138.6428985595703,340.98919677734375
2023-11-03,174.44297790527344,139.65798950195312,345.3749084472656
2023-11-06,176.99075317382812,139.9901885986328,349.02642822265625
2023-11-07,179.5484161376953,139.25193786621094,352.9422302246094
2023-11-08,180.6050262451172,138.74441528320312,355.5560607910156
2023-11-09,180.13107299804688,136.04054260253906,353.0987854003906
2023-11-10,184.31369018554688,135.88365173339844,361.889892578125
2023-11-13,182.73158264160156,136.23434448242188,358.9627685546875
2023-11-14,185.342041015625,136.2620086669922,362.4772033691406
2023-11-15,185.90565490722656,137.31407165527344,362.6243896484375
2023-11-16,187.58665466308594,138.51370239257812,369.00048828125
2023-11-17,187.56686401367188,138.2276153564453,362.8009338378906
2023-11-20,189.30715942382812,139.44619750976562,370.2463073730469
2023-11-21,188.5062255859375,140.57171630859375,365.9595642089844
2023-11-22,189.1687469482422,140.29266357421875,370.6484680175781
2023-11-24,187.84373474121094,141.85537719726562,370.2364501953125
2023-11-27,187.6657257080078,140.72055053710938,371.39398193359375
2023-11-28,188.26890563964844,141.046142578125,375.4060974121094
2023-11-29,187.25042724609375,141.49261474609375,371.62945556640625
2023-11-30,187.8239288330078,143.8646240234375,371.6883239746094
2023-12-01,189.09951782226562,147.3249969482422,367.3721923828125
2023-12-04,187.3097686767578,147.79006958007812,362.1044921875
2023-12-05,191.25511169433594,147.48309326171875,365.4200134277344
2023-12-06,190.16741943359375,145.6878204345703,361.77099609375
2023-12-07,192.09561157226562,144.552978515625,363.8800048828125
2023-12-08,193.5194854736328,143.64134216308594,367.0975341796875
2023-12-11,191.0177764892578,144.23670959472656,364.22332763671875
2023-12-12,192.5306854248047,144.24603271484375,367.2445983886719
2023-12-13,195.74429321289062,144.91574096679688,367.23480224609375
2023-12-14,195.89259338378906,145.9203643798828,358.9556579589844
2023-12-15,195.35865783691406,144.32974243164062,363.66424560546875
2023-12-18,193.69744873046875,144.59019470214844,365.547607421875
2023-12-19,194.7357177734375,145.53900146484375,366.14593505859375
2023-12-20,192.6493377685547,142.5716552734375,363.55621337890625
2023-12-21,192.50100708007812,144.0320281982422,366.42059326171875
2023-12-22,191.43309020996094,144.60879516601562,367.4407958984375
2023-12-26,190.88922119140625,145.24131774902344,367.5192565917969
2023-12-27,190.98812866210938,145.43667602539062,366.9404602050781
2023-12-28,191.41329956054688,145.65060424804688,368.1274719238281
2023-12-29,190.3750762939453,145.79945373535156,368.87298583984375
2024-01-02,183.56216430664062,148.8040008544922,363.80145263671875
2024-01-03,182.18775939941406,149.7341766357422,363.53668212890625
2024-01-04,179.87396240234375,149.41793823242188,360.9273681640625
2024-01-05,179.15211486816406,149.88302612304688,360.740966796875
2024-01-08,183.4830780029297,150.25509643554688,367.5487060546875
2024-01-09,183.06777954101562,150.34812927246094,368.6277160644531
2024-01-10,184.10604858398438,150.57131958007812,375.47467041015625
2024-01-11,183.51272583007812,149.90162658691406,377.29925537109375
2024-01-12,183.83905029296875,151.05506896972656,381.0660705566406
2024-01-16,181.57467651367188,149.3155975341797,382.8317565917969
2024-01-17,180.6352996826172,149.23184204101562,382.0469970703125
2024-01-18,186.5187225341797,149.9574432373047,386.3631286621094
2024-01-19,189.41590881347656,150.3946075439453,391.0716552734375
2024-01-22,191.7198486328125,151.12948608398438,388.952880859375
2024-01-23,192.99539184570312,148.6551513671875,391.2972717285156
2024-01-24,192.32301330566406,147.86451721191406,394.8875732421875
2024-01-25,191.9967041015625,148.42257690429688,397.15350341796875
2024-01-26,190.26629638671875,148.36679077148438,396.2314147949219
2024-01-29,189.58401489257812,148.236572265625,401.91107177734375
2024-01-30,185.93531799316406,147.68775939941406,400.8025817871094
2024-01-31,182.33607482910156,147.8086700439453,390.00244140625
2024-02-01,184.76852416992188,147.30636596679688,396.08428955078125
2024-02-02,183.7698211669922,145.67852783203125,403.3824768066406
2024-02-05,185.57936096191406,144.92507934570312,397.9186096191406
2024-02-06,187.1811981201172,147.0272979736328,397.7616882324219
2024-02-07,187.2899932861328,146.952880859375,406.15850830078125
2024-02-08,186.21221923828125,145.48318481445312,406.2174072265625
2024-02-09,186.9745635986328,145.81805419921875,412.53460693359375
2024-02-12,185.29141235351562,146.8319549560547,407.3454895019531
2024-02-13,183.2023468017578,145.54830932617188,398.5758361816406
2024-02-14,182.3212127685547,144.86924743652344,402.42828369140625
2024-02-15,182.03411865234375,146.89707946777344,399.54876708984375
2024-02-16,180.49948120117188,146.7283935546875,397.0918884277344
2024-02-20,179.75694274902344,147.9561767578125,395.8438720703125
2024-02-21,180.50938415527344,148.7247314453125,395.24432373046875
2024-02-22,182.5390167236328,150.3836669921875,404.551025390625
2024-02-23,180.7073974609375,151.6864776611328,403.2635803222656
2024-02-26,179.3609161376953,150.70236206054688,400.5118408203125
2024-02-27,180.8163299560547,150.8804168701172,400.4529113769531
2024-02-28,179.61831665039062,151.4146728515625,400.68878173828125
2024-02-29,178.95498657226562,151.25535583496094,406.5067443847656
2024-03-01,177.8758087158203,151.9488983154297,408.3346252441406
2024-03-04,173.36111450195312,149.81198120117188,407.76458740234375
2024-03-05,168.4305419921875,149.93380737304688,395.7061767578125
2024-03-06,167.44049072265625,149.34332275390625,395.1558532714844
2024-03-07,167.32167053222656,148.90281677246094,402.08428955078125
2024-03-08,169.0344696044922,149.51206970214844,399.21466064453125
2024-03-11,171.034423828125,151.11474609375,397.5439758300781
2024-03-12,171.5096893310547,152.53001403808594,408.118408203125
2024-03-13,169.43051147460938,150.992919921875,407.9415283203125
2024-03-14,171.28192138671875,149.22149658203125,417.88702392578125
2024-03-15,170.90573120117188,148.256103515625,409.2387390136719
2024-03-18,171.9947967529297,146.92520141601562,410.1231994628906
2024-03-19,174.33132934570312,146.4097137451172,414.1427001953125
2024-03-20,176.8956298828125,145.98793029785156,417.89678955078125
2024-03-21,169.6681365966797,145.9785614013672,421.96539306640625
2024-03-22,170.56910705566406,145.49114990234375,421.3463439941406
2024-03-25,169.1533203125,145.48178100585938,415.5676574707031
2024-03-26,168.0246124267578,145.99729919433594,414.3785095214844
2024-03-27,171.58888244628906,148.0499267578125,414.1623229980469
2024-03-28,169.7770233154297,148.26548767089844,413.464599609375
2024-04-01,168.34144592285156,147.88119506835938,417.2481994628906
2024-04-02,167.16323852539062,147.83432006835938,414.1722106933594
2024-04-03,167.9652099609375,144.58201599121094,413.1992492675781
2024-04-04,167.14344787597656,142.93247985839844,410.6735534667969
2024-04-05,167.89590454101562,142.829345703125,418.18182373046875
2024-04-08,166.7771453857422,142.07955932617188,417.26788330078125
2024-04-09,167.98501586914062,142.73562622070312,418.9286804199219
2024-04-10,166.11378479003906,140.77674865722656,415.9608154296875
2024-04-11,173.3016815185547,139.45521545410156,420.55029296875
2024-04-12,174.7967071533203,138.26490783691406,414.62420654296875
2024-04-15,170.97503662109375,138.3304901123047,406.5067443847656
2024-04-16,167.6978759765625,135.3874969482422,407.4304504394531
2024-04-17,166.33160400390625,135.6874237060547,404.7377014160156
2024-04-18,165.38111877441406,136.59658813476562,397.2982482910156
2024-04-19,163.3613739013672,138.63043212890625,392.23712158203125
2024-04-22,164.1930389404297,139.76451110839844,394.0453796386719
2024-04-23,165.24252319335938,140.1768798828125,400.5413818359375
2024-04-24,167.3414764404297,139.21151733398438,402.0056457519531
2024-04-25,168.2028350830078,137.6088104248047,392.15850830078125
2024-04-26,167.61868286132812,136.9714813232422,399.31292724609375
2024-04-29,171.7769775390625,137.6088104248047,395.3131408691406
2024-04-30,168.63845825195312,135.51870727539062,382.6158752441406
2024-05-01,167.61868286132812,141.69525146484375,388.12921142578125
2024-05-02,171.31166076660156,140.51431274414062,390.9791564941406
2024-05-03,181.55886840820312,139.9051055908203,399.6470642089844
2024-05-06,179.9054718017578,139.25840759277344,406.40838623046875
2024-05-07,180.5885772705078,139.3896026611328,402.2808532714844
2024-05-08,180.92520141601562,139.60516357421875,403.4601745605469
2024-05-09,182.73704528808594,140.44871520996094,405.20941162109375
2024-05-10,181.47796630859375,140.5049591064453,407.5877380371094
2024-05-13,184.68023681640625,141.73277282714844,406.5852966308594
2024-05-14,185.82034301757812,141.8827362060547,409.3763732910156
2024-05-15,188.09066772460938,143.09181213378906,416.5338134765625
2024-05-16,188.20960998535156,144.6007843017578,414.4761657714844
2024-05-17,188.2393798828125,144.93821716308594,413.708251953125
2024-05-20,189.39930725097656,142.92568969726562,418.7588806152344
2024-05-21,190.69810485839844,142.89735412597656,422.4016418457031
2024-05-22,189.26052856445312,145.03268432617188,423.8587341308594
2024-05-23,185.27505493164062,141.4423065185547,420.3931579589844
2024-05-24,188.3484344482422,138.86288452148438,423.5042724609375
2024-05-28,188.3583526611328,136.41575622558594,423.661865234375
2024-05-29,188.65576171875,136.47244262695312,422.5296630859375
2024-05-30,189.6471405029297,137.26611328125,408.25396728515625
2024-05-31,190.59893798828125,138.57943725585938,408.7068786621094
2024-06-03,192.36366271972656,139.5904083251953,407.1217346191406
2024-06-04,192.680908203125,139.6470947265625,409.63232421875
2024-06-05,194.1878662109375,137.91806030273438,417.4494323730469
2024-06-06,192.80978393554688,138.34323120117188,417.9515686035156
2024-06-07,195.1990966796875,138.96681213378906,417.2919616699219
2024-06-10,191.46148681640625,139.01406860351562,421.249755859375
2024-06-11,205.3709716796875,138.66445922851562,425.98529052734375
2024-06-12,211.24014282226562,137.38894653320312,434.2356262207031
2024-06-13,212.40011596679688,137.42674255371094,434.7475891113281
2024-06-14,210.6651153564453,137.51177978515625,435.7223205566406
2024-06-17,214.80921936035156,137.899169921875,441.4324951171875
2024-06-18,212.44964599609375,137.6156768798828,439.4339904785156
2024-06-20,207.87924194335938,139.6282196044922,438.8038635253906
2024-06-21,205.7080535888672,140.54470825195312,442.82073974609375
2024-06-24,206.3524932861328,140.894287109375,440.7434387207031
2024-06-25,207.27450561523438,139.07077026367188,443.9726257324219
2024-06-26,211.4185791015625,138.72116088867188,445.1639099121094
2024-06-27,212.2613067626953,137.75743103027344,445.84320068359375
2024-06-28,208.81118774414062,138.0975799560547,440.0345458984375
2024-07-01,214.88853454589844,138.3621063232422,449.6632080078125
2024-07-02,218.37828063964844,137.97474670410156,452.1737976074219
2024-07-03,219.64732360839844,137.6535186767578,453.64068603515625
2024-07-05,224.3961944580078,138.39991760253906,460.3255920410156
2024-07-08,225.86346435546875,137.45506286621094,459.0260314941406
2024-07-09,226.71607971191406,138.93849182128906,452.4297180175781
2024-07-10,230.97914123535156,141.18719482421875,459.0359191894531
2024-07-11,225.61563110351562,141.4423065185547,447.6646423339844
2024-07-12,228.5601043701172,141.6123809814453,446.53240966796875
2024-07-15,232.386962890625,141.00765991210938,446.93603515625
2024-07-16,232.80337524414062,142.68002319335938,442.5647277832031
2024-07-17,226.91439819335938,147.94277954101562,436.6576232910156
2024-07-18,222.25473022460938,146.84677124023438,433.55633544921875
2024-07-19,222.38360595703125,146.15704345703125,430.34674072265625
2024-07-22,222.03663635253906,145.73187255859375,436.0865478515625
2024-07-23,223.07757568359375,143.94613647460938,437.9670104980469
2024-07-24,216.66314697265625,147.65933227539062,422.2638244628906
2024-07-25,215.6221923828125,150.83396911621094,411.9262390136719
2024-07-26,216.08816528320312,151.77883911132812,418.6899108886719
2024-07-29,216.36575317382812,149.81356811523438,420.1273498535156
2024-07-30,216.92092895507812,152.43077087402344,416.3763427734375
2024-07-31,220.1727752685547,149.1427459716797,411.8770446777344
2024-08-01,216.48472595214844,151.89219665527344,410.65618896484375
2024-08-02,217.97181701660156,155.08575439453125,402.1695861816406
2024-08-05,207.4727783203125,152.3551788330078,389.0360107421875
2024-08-06,205.45028686523438,150.20094299316406,393.427001953125
2024-08-07,208.01806640625,150.1348114013672,392.2652587890625
2024-08-08,211.4781036376953,151.3820037841797,396.4593505859375
2024-08-09,214.38290405273438,151.75991821289062,399.7378234863281
2024-08-12,215.91146850585938,151.06076049804688,400.5155944824219
2024-08-13,219.62362670898438,149.65293884277344,407.6041564941406
2024-08-14,220.0703125,149.73797607421875,410.41009521484375
2024-08-15,223.0479736328125,150.3143310546875,415.2626953125
2024-08-16,224.36807250976562,150.5977783203125,412.7377624511719
2024-08-19,224.20925903320312,150.8245391845703,415.755859375
2024-08-20,224.8246307373047,151.3253173828125,418.98101806640625
2024-08-21,224.7154541015625,152.52525329589844,418.3301086425781
2024-08-22,222.859375,153.39450073242188,409.85772705078125
2024-08-23,225.15219116210938,155.07632446289062,411.080810546875
2024-08-26,225.48963928222656,155.52984619140625,407.82598876953125
2024-08-27,226.33335876464844,155.12997436523438,408.1711730957031
2024-08-28,224.80477905273438,156.05343627929688,404.9755859375
2024-08-29,228.0802001953125,156.3485565185547,407.4610290527344
2024-08-30,227.29612731933594,157.90032958984375,411.426025390625
2024-09-03,221.11251831054688,159.13796997070312,403.8314514160156
2024-09-04,219.20677185058594,159.32835388183594,403.2988586425781
2024-09-05,220.7253875732422,157.07208251953125,402.79583740234375
2024-09-06,219.177001953125,156.4913787841797,396.1974792480469
2024-09-09,219.26632690429688,158.61436462402344,400.16241455078125
2024-09-10,218.47227478027344,159.34739685058594,408.52630615234375
2024-09-11,221.00326538085938,156.91024780273438,417.2452087402344
2024-09-12,221.11251831054688,156.7388916015625,421.15093994140625
2024-09-13,220.84449768066406,157.57664489746094,424.69171142578125
2024-09-16,214.71047973632812,158.97610473632812,425.43145751953125
2024-09-17,215.17697143554688,159.05227661132812,429.18927001953125
2024-09-18,219.04795837402344,158.1764373779297,424.90875244140625
2024-09-19,227.16709899902344,156.91024780273438,432.6807861328125
2024-09-20,226.5020751953125,156.28192138671875,429.3075866699219
2024-09-23,224.7849578857422,155.38702392578125,427.5718078613281
2024-09-24,225.67825317382812,154.96815490722656,423.291259765625
2024-09-25,224.68569946289062,152.89279174804688,426.19091796875
2024-09-26,225.8271484375,153.6448516845703,425.4018859863281
2024-09-27,226.09510803222656,153.65435791015625,422.156982421875
2024-09-30,231.26638793945312,154.28271484375,424.40570068359375
2024-10-01,224.52687072753906,154.216064453125,414.9273681640625
2024-10-02,225.0926513671875,153.43540954589844,411.4161376953125
2024-10-03,223.9908905029297,152.7975616455078,410.8341979980469
2024-10-04,225.11248779296875,152.59764099121094,410.36077880859375
2024-10-07,220.04051208496094,151.8740997314453,403.9300842285156
2024-10-08,224.0901641845703,152.0264129638672,409.02923583984375
2024-10-09,227.83209228515625,152.9403533935547,411.7415771484375
2024-10-10,227.33580017089844,152.8070831298828,410.143798828125
2024-10-11,225.85693359375,153.7115020751953,410.61724853515625
2024-10-14,229.5790252685547,153.8448028564453,413.3986511230469
2024-10-15,232.11004638671875,156.2248077392578,413.0040588378906
2024-10-16,230.055419921875,156.3961639404297,410.4199523925781
2024-10-17,230.4226837158203,156.57705688476562,411.0117492675781
2024-10-18,233.25146484375,157.19583129882812,412.43206787109375
2024-10-21,234.720458984375,155.0157470703125,413.04351806640625
2024-10-22,234.10507202148438,155.60597229003906,421.6539611816406
2024-10-23,229.0430145263672,157.90032958984375,418.7838134765625
2024-10-24,228.8544158935547,155.8154296875,418.91204833984375
2024-10-25,229.68820190429688,153.15933227539062,422.28515625
2024-10-28,231.66339111328125,153.8448028564453,420.7465515136719
2024-10-29,231.93136596679688,152.40724182128906,426.0331115722656
2024-10-30,228.38795471191406,152.9022979736328,426.60516357421875
2024-10-31,224.22911071777344,152.1882781982422,400.7837829589844
2024-11-01,221.25143432617188,152.4453125,404.7487487792969
2024-11-04,220.3581085205078,150.64602661132812,402.8648681640625
2024-11-05,221.7874298095703,150.750732421875,405.82373046875
2024-11-06,221.06285095214844,150.3032989501953,414.42437744140625
2024-11-07,225.7874298095703,149.20848083496094,419.6024169921875
2024-11-08,225.51914978027344,148.0089569091797,416.7520446777344
2024-11-11,222.8064727783203,147.59962463378906,412.2840576171875
2024-11-12,222.8064727783203,145.3147735595703,417.2353515625
2024-11-13,223.69082641601562,145.885986328125,419.3755798339844
2024-11-14,226.7711639404297,144.5817108154297,421.04248046875
2024-11-15,223.57159423828125,146.60952758789062,409.3153076171875
2024-11-18,226.5724334716797,147.34254455566406,410.06494140625
2024-11-19,226.8307647705078,145.65750122070312,412.06707763671875
2024-11-20,227.5461883544922,145.76222229003906,409.798583984375
2024-11-21,227.06924438476562,148.03750610351562,408.029541015625
2024-11-22,228.41065979003906,147.72335815429688,412.11114501953125
2024-11-25,231.39161682128906,148.30409240722656,413.8801574707031
2024-11-26,233.5677032470703,148.28488159179688,422.9722900390625
2024-11-27,233.43853759765625,149.12936401367188,418.0309143066406
2024-11-29,235.8233184814453,148.75511169433594,418.4954528808594
2024-12-02,238.06895446777344,148.55360412597656,425.92724609375
2024-12-03,241.10952758789062,146.21205139160156,426.14471435546875
2024-12-04,241.4672393798828,144.3983154296875,432.291748046875
2024-12-05,241.4970703125,143.48666381835938,437.4307861328125
2024-12-06,241.29833984375,143.2851104736328,438.3696594238281
2024-12-09,245.1835174560547,143.5634307861328,440.7908935546875
2024-12-10,246.197021484375,143.20835876464844,438.1324768066406
2024-12-11,244.92515563964844,140.7228546142578,443.72613525390625
2024-12-12,246.38583374023438,140.3389892578125,444.2893981933594
2024-12-13,246.55477905273438,140.70367431640625,442.0262756347656
2024-12-16,249.44625854492188,138.04544067382812,446.29559326171875
2024-12-17,251.87078857421875,140.5021514892578,449.1319885253906
2024-12-18,246.4752655029297,138.90911865234375,432.2621154785156
2024-12-19,248.20419311523438,137.78636169433594,431.90631103515625
2024-12-20,252.87435913085938,138.64041137695312,431.4813537597656
2024-12-23,253.64942932128906,139.40814208984375,430.1472473144531
2024-12-24,256.5608215332031,139.96473693847656,434.1793518066406
2024-12-26,257.3755798339844,139.7056121826172,432.97369384765625
2024-12-27,253.9673614501953,139.197021484375,425.4825134277344
2024-12-30,250.59889221191406,137.55601501464844,419.8493347167969
2024-12-31,248.83021545410156,138.78436279296875,416.55841064453125
2025-01-02,242.30191040039062,138.20855712890625,413.672607421875
2025-01-03,241.8150177001953,138.37173461914062,418.38671875
2025-01-06,243.44461059570312,137.86309814453125,422.833984375
2025-01-07,240.67233276367188,140.3294219970703,417.4181823730469
2025-01-08,241.15921020507812,136.52920532226562,419.5824890136719
2025-01-10,235.34637451171875,136.32766723632812,414.0382995605469
2025-01-13,232.9119110107422,138.64041137695312,412.2989196777344
2025-01-14,231.79901123046875,138.90911865234375,410.7967224121094
2025-01-15,236.35987854003906,139.12025451660156,421.31201171875
2025-01-16,226.81088256835938,141.80728149414062,419.6022644042969
2025-01-17,228.51995849609375,141.0971221923828,424.0000915527344
2025-01-21,221.2265625,142.17193603515625,423.476318359375
2025-01-22,222.4090118408203,139.40814208984375,440.96881103515625
2025-01-23,222.24012756347656,140.7228546142578,441.4728088378906
2025-01-24,221.3656768798828,140.89559936523438,438.85394287109375
2025-01-27,228.40074157714844,146.72067260742188,429.46533203125
2025-01-28,236.7473907470703,144.31195068359375,441.9571228027344
2025-01-29,237.84042358398438,145.05087280273438,437.1441650390625
2025-01-30,236.0816650390625,146.7014617919922,410.1247253417969
2025-01-31,234.50177001953125,146.01051330566406,410.19390869140625
2025-02-03,226.56246948242188,145.7418212890625,406.10247802734375
2025-02-04,231.32208251953125,147.2964630126953,407.5354309082031
2025-02-05,230.99417114257812,148.4480438232422,408.4446716308594
2025-02-06,231.73941040039062,147.31565856933594,410.9449768066406
2025-02-07,226.18492126464844,146.94139099121094,404.9461364746094
2025-02-10,226.45346069335938,148.0161895751953,407.38720703125
2025-02-11,231.39735412597656,149.8299102783203,406.6163635253906
2025-02-12,235.62501525878906,148.99501037597656,404.24444580078125
2025-02-13,240.26051330566406,150.9047393798828,405.72686767578125
2025-02-14,243.31439208984375,149.84912109375,403.6416320800781
2025-02-18,243.18507385253906,149.926513671875,404.8374328613281
2025-02-19,243.5829620361328,152.7317657470703,409.9072570800781
2025-02-20,244.53793334960938,154.46327209472656,412.0759582519531
2025-02-21,244.2593994140625,156.9976806640625,404.23309326171875
2025-02-24,245.80125427246094,158.39064025878906,400.0641174316406
2025-02-25,245.74154663085938,160.6638641357422,394.0235595703125
2025-02-26,239.0966796875,157.75222778320312,395.8357238769531
2025-02-27,236.05274963378906,158.38095092773438,388.70587158203125
2025-02-28,240.5688934326172,159.62881469726562,393.12237548828125
2025-03-03,236.77890014648438,161.81500244140625,384.7052307128906
2025-03-04,234.68994140625,160.01576232910156,384.82403564453125
2025-03-05,234.50096130371094,159.7255401611328,397.1131591796875
2025-03-06,234.09312438964844,160.41236877441406,393.0234069824219
2025-03-07,237.8134765625,161.24427795410156,389.478271484375
2025-03-10,226.2843780517578,162.22125244140625,376.4563903808594
2025-03-11,219.6792755126953,160.4413604736328,376.74359130859375
2025-03-12,215.8395538330078,157.5297088623047,379.53607177734375
2025-03-13,208.57791137695312,157.6651611328125,375.07989501953125
2025-03-14,212.36790466308594,157.4910125732422,384.7745361328125
2025-03-17,212.87521362304688,157.52003479003906,384.9132080078125
2025-03-18,211.57211303710938,158.88397216796875,379.78369140625
2025-03-19,214.10870361328125,157.6651611328125,384.04180908203125
2025-03-20,212.97470092773438,157.69415283203125,383.0712890625
2025-03-21,217.12277221679688,158.28424072265625,387.4482727050781
2025-03-24,219.56983947753906,157.955322265625,389.25054931640625
2025-03-25,222.573974609375,155.75950622558594,391.3102722167969
2025-03-26,220.3656463623047,156.4366455078125,386.17083740234375
2025-03-27,222.67344665527344,157.8005828857422,386.77484130859375
2025-03-28,216.7547149658203,158.3616180419922,375.109619140625
2025-03-31,220.96249389648438,160.4220428466797,371.7328796386719
2025-04-01,222.0169219970703,148.24334716796875,378.4666442871094
2025-04-02,222.7132568359375,150.28440856933594,378.4171447753906
2025-04-03,202.1220245361328,154.59872436523438,369.47503662109375
2025-04-04,187.389892578125,148.23370361328125,356.3343200683594
2025-04-07,180.50625610351562,145.6992645263672,354.3736267089844
2025-04-08,171.51373291015625,145.09951782226562,351.1058044433594
2025-04-09,197.8048553466797,146.037841796875,386.6857604980469
2025-04-10,189.4191436767578,143.83230590820312,377.63482666015625
2025-04-11,197.1085205078125,146.77301025390625,384.6656494140625
2025-04-14,201.45555114746094,149.3170928955078,384.0318298339844
2025-04-15,201.07754516601562,148.6012725830078,381.9721374511719
2025-04-16,193.2489013671875,148.8817901611328,367.9896545410156
2025-04-17,195.94467163085938,152.32546997070312,364.1969909667969
2025-04-21,192.14476013183594,151.79344177246094,355.621337890625
2025-04-22,198.69017028808594,152.59632873535156,363.24639892578125
2025-04-23,203.52462768554688,150.30377197265625,370.74261474609375
2025-04-24,207.27479553222656,149.8684539794922,383.52679443359375
2025-04-25,208.18002319335938,149.5299072265625,388.0325622558594
2025-04-28,209.03549194335938,150.2747344970703,387.3492126464844
2025-04-29,210.0998992919922,150.8164520263672,390.201171875
2025-04-30,211.38308715820312,151.20335388183594,391.4093322753906
2025-05-01,212.19879150390625,149.413818359375,421.2556457519531
2025-05-02,204.27069091796875,151.0195770263672,431.0394287109375
2025-05-05,197.84463500976562,149.93617248535156,431.92071533203125
2025-05-06,197.4666290283203,149.42349243164062,429.0885925292969
2025-05-07,195.218505859375,152.16104125976562,429.1282043457031
2025-05-08,196.45201110839844,150.57461547851562,433.9012756347656
2025-05-09,197.48654174804688,149.18167114257812,434.455810546875
2025-05-12,209.95706176757812,149.10426330566406,444.8831787109375
2025-05-13,212.08859252929688,143.5904998779297,444.7644348144531
2025-05-14,211.490966796875,141.57846069335938,448.52734375
2025-05-15,210.6144561767578,144.72225952148438,449.5392761230469
2025-05-16,210.42518615722656,146.38607788085938,450.6701965332031
2025-05-19,207.9550018310547,147.5081787109375,455.2337951660156
2025-05-20,206.04258728027344,148.63995361328125,454.5393371582031
2025-05-21,201.2914276123047,148.1756134033203,448.9837341308594
2025-05-22,200.56431579589844,147.62425231933594,451.25555419921875
2025-05-23,194.49839782714844,147.9434814453125,446.6126403808594
2025-05-27,199.4188690185547,149.51422119140625,457.03936767578125
2025-05-28,199.62803649902344,148.7141876220703,453.7357482910156
2025-05-29,199.15988159179688,149.836181640625,455.0453186035156
2025-05-30,200.05633544921875,151.42645263671875,456.71197509765625
2025-06-02,200.90296936035156,151.61180114746094,458.3092346191406
2025-06-03,202.46676635742188,150.65570068359375,459.3013000488281
2025-06-04,202.01856994628906,149.48495483398438,460.19415283203125
2025-06-05,199.8372039794922,149.9142303466797,463.9739990234375
2025-06-06,203.11419677734375,151.25083923339844,466.6525573730469
2025-06-09,200.65394592285156,151.44595336914062,469.0038146972656
2025-06-10,201.869140625,152.63621520996094,467.1883239746094
2025-06-11,197.9945068359375,151.4752197265625,468.8748474121094
2025-06-12,198.41285705566406,152.84109497070312,475.0752868652344
2025-06-13,195.67372131347656,153.27037048339844,471.1962890625
2025-06-16,197.63592529296875,151.4362030029297,475.3431701660156
2025-06-17,194.86691284179688,148.6654510498047,474.25189208984375
2025-06-18,195.80320739746094,147.0556640625,476.4344482421875
2025-06-20,200.20574951171875,146.13856506347656,473.6169128417969
2025-06-23,200.70375061035156,147.63128662109375,482.1488037109375
2025-06-24,199.50851440429688,148.48007202148438,486.2262268066406
2025-06-25,200.7635498046875,148.56788635253906,488.3691101074219
2025-06-26,200.20574951171875,148.304443359375,493.508056640625
2025-06-27,200.28543090820312,148.6947021484375,492.0100402832031
2025-06-30,204.3592529296875,149.02642822265625,493.4683837890625
2025-07-01,206.99879455566406,152.11912536621094,488.15081787109375
2025-07-02,211.60052490234375,151.7678985595703,487.198486328125
2025-07-03,212.70614624023438,152.2069549560547,494.8870849609375
2025-07-07,209.120361328125,151.4849853515625,493.7759094238281
2025-07-08,209.1801300048828,151.9923095703125,492.68463134765625
2025-07-09,210.30567932128906,152.47036743164062,499.5200500488281
2025-07-10,211.57064819335938,153.84597778320312,497.5061340332031
2025-07-11,210.32557678222656,153.0752410888672,499.3315734863281
2025-07-14,207.7956085205078,152.99720764160156,499.0339050292969
2025-07-15,208.28369140625,151.38742065429688,501.811767578125
2025-07-16,209.32955932617188,160.76315307617188,501.6133117675781
2025-07-17,209.1901092529297,159.0070343017578,507.6451416015625
2025-07-18,210.3455047607422,159.70947265625,506.0082092285156
2025-07-21,211.640380859375,160.3533935546875,506.01812744140625
2025-07-22,213.5527801513672,163.8363800048828,501.26611328125
2025-07-23,213.30377197265625,164.97787475585938,501.861328125
2025-07-24,212.91531372070312,165.42662048339844,506.8316345214844
2025-07-25,213.0348358154297,164.19735717773438,509.6392517089844
2025-07-28,213.2041778564453,162.16806030273438,508.4388427734375
2025-07-29,210.43515014648438,164.01199340820312,508.5082702636719
2025-07-30,208.22393798828125,163.1826934814453,509.1729736328125
2025-07-31,206.74978637695312,160.72413635253906,529.2723999023438
2025-08-01,201.58030700683594,163.25099182128906,519.9568481445312
2025-08-04,202.5464630126953,166.8705291748047,531.3953857421875
2025-08-05,202.11814880371094,166.577880859375,523.5679931640625
2025-08-06,212.40733337402344,166.4315185546875,520.7802124023438
2025-08-07,219.16053771972656,167.34860229492188,516.7127075195312
2025-08-08,228.44371032714844,169.104736328125,517.9031982421875
2025-08-11,226.53909301757812,169.58279418945312,517.6353759765625
2025-08-12,229.00213623046875,168.56813049316406,525.0460815429688
2025-08-13,232.6717529296875,170.16815185546875,516.454833984375
2025-08-14,232.12330627441406,170.46084594726562,518.3396606445312
2025-08-15,230.93666076660156,172.33404541015625,516.0479736328125
2025-08-18,230.23863220214844,171.9535369873047,513.0023193359375
2025-08-19,229.90956115722656,173.4657745361328,505.7304382324219
2025-08-20,225.3723907470703,174.4804229736328,501.7125549316406
2025-08-21,224.26551818847656,174.56822204589844,501.066650390625
2025-08-22,227.11746215820312,174.91944885253906,504.0378112792969
2025-08-25,226.5191650390625,174.06089782714844,501.0865173339844
2025-08-26,228.6630859375,173.4515838623047,498.8804626464844
2025-08-27,229.83978271484375,173.74639892578125,503.5509033203125
2025-08-28,231.90391540527344,172.4294891357422,506.4326477050781
2025-08-29,231.485107421875,174.11985778808594,503.5011901855469
2025-09-02,229.07192993164062,174.99453735351562,501.9410705566406
2025-09-03,237.79725646972656,174.93557739257812,502.1696472167969
2025-09-04,239.10353088378906,175.6824951171875,504.77313232421875
2025-09-05,239.01380920410156,175.358154296875,491.884765625
2025-09-08,237.20892333984375,175.06333923339844,495.06463623046875
2025-09-09,233.6888885498047,173.9134979248047,495.2733154296875
2025-09-10,226.1501922607422,172.7636260986328,497.2209777832031
2025-09-11,229.38107299804688,175.4269561767578,497.8569641113281
2025-09-12,233.40968322753906,174.99453735351562,506.6910095214844
2025-09-15,236.03224182128906,174.3459014892578,512.1166381835938
2025-09-16,237.4781494140625,173.42210388183594,505.8364562988281
2025-09-17,238.3157958984375,174.14935302734375,506.81024169921875
2025-09-18,237.20892333984375,171.1616973876953,505.2501525878906
2025-09-19,244.8074188232422,173.15675354003906,514.6705322265625
2025-09-22,255.35755920410156,171.21083068847656,511.21240234375
2025-09-23,253.7122344970703,173.54002380371094,506.0252380371094
2025-09-24,251.59820556640625,173.6481475830078,506.9394226074219
2025-09-25,256.14532470703125,174.67022705078125,503.83905029296875
2025-09-26,254.7393341064453,176.61614990234375,508.2411804199219
2025-09-29,253.7122344970703,178.49325561523438,511.3613586425781
2025-09-30,253.9116668701172,182.2278289794922,514.6903686523438
2025-10-01,254.72933959960938,182.8470001220703,516.439208984375
2025-10-02,256.40460205078125,182.7781982421875,512.4942626953125
2025-10-03,257.2920837402344,185.39239501953125,514.0940551757812
2025-10-06,255.9658660888672,184.92066955566406,525.2435302734375
2025-10-07,255.75645446777344,185.63809204101562,520.682373046875
2025-10-08,257.33197021484375,186.42433166503906,521.5468139648438
2025-10-09,253.32330322265625,187.7904052734375,519.1123046875
2025-10-10,244.57806396484375,187.4365997314453,507.74432373046875
2025-10-13,246.96133422851562,187.6134796142578,510.81488037109375
2025-10-14,247.07101440429688,187.56436157226562,510.3379211425781
2025-10-15,248.63658142089844,187.87884521484375,510.19879150390625
2025-10-16,246.7519073486328,188.81248474121094,508.3902587890625
2025-10-17,251.5782470703125,189.8935546875,510.3478698730469
2025-10-20,261.50018310546875,190.38494873046875,513.5376586914062
2025-10-21,262.0286865234375,188.57662963867188,514.4021606445312
2025-10-22,257.7209167480469,189.61839294433594,517.2640380859375
2025-10-23,258.8476867675781,189.15646362304688,517.2838745117188
2025-10-24,262.07855224609375,187.12208557128906,520.3146362304688
2025-10-27,268.0516357421875,187.02381896972656,528.1749877929688
2025-10-28,268.2410888671875,183.7118377685547,538.6585083007812
2025-10-29,268.93914794921875,183.3875274658203,538.1417846679688
2025-10-30,270.63433837890625,185.7953338623047,522.4512329101562
2025-10-31,269.60723876953125,185.61843872070312,514.5512084960938
2025-11-03,268.2909851074219,183.05337524414062,513.776123046875
2025-11-04,269.2781982421875,183.64305114746094,511.0931701660156
2025-11-05,269.3778991699219,182.7978515625,503.96826171875
2025-11-06,269.0089416503906,183.7511444091797,493.9715576171875
2025-11-07,267.7126159667969,183.35804748535156,493.6933288574219
2025-11-10,268.9303283691406,185.1663818359375,502.8155517578125
2025-11-11,274.73956298828125,190.49305725097656,505.47869873046875
2025-11-12,272.962890625,191.04339599609375,507.9232177734375
2025-11-13,272.4438171386719,191.88861083984375,500.12261962890625
2025-11-14,271.90484619140625,192.55690002441406,506.96923828125
2025-11-17,266.9639892578125,196.14405822753906,504.296142578125
2025-11-18,266.94403076171875,196.55682373046875,490.6824035644531
2025-11-19,268.0619812011719,199.02362060546875,484.0543518066406
2025-11-20,265.7562561035156,199.573974609375,476.308837890625
2025-11-21,270.98651123046875,200.38967895507812,470.0268249511719
2025-11-24,275.4083557128906,202.50267028808594,471.89849853515625
2025-11-25,276.45635986328125,204.401611328125,474.8752136230469
2025-11-26,277.0353088378906,205.28182983398438,483.3475341796875
2025-11-28,278.3328857421875,204.64886474609375,489.82867431640625
2025-12-01,282.57501220703125,203.08619689941406,484.5820007324219
2025-12-02,285.6592712402344,203.1653289794922,487.82757568359375
2025-12-03,283.623046875,203.07630920410156,475.6119689941406
2025-12-04,280.179443359375,200.25759887695312,478.70819091796875
2025-12-05,278.26300048828125,199.713623046875,481.01788330078125
2025-12-08,277.3746643066406,199.4070281982422,488.8430480957031
2025-12-09,276.6659851074219,197.7652587890625,489.8385925292969
2025-12-10,278.26300048828125,204.2730255126953,476.43829345703125
2025-12-11,277.514404296875,207.70494079589844,481.3265075683594
2025-12-12,277.763916015625,209.25772094726562,476.4084167480469
2025-12-15,273.6016540527344,211.81927490234375,472.7148742675781
2025-12-16,274.1007385253906,207.0027313232422,474.2779235839844
2025-12-17,271.33587646484375,208.02142333984375,474.00909423828125
2025-12-18,271.68524169921875,206.02359008789062,481.8342590332031
2025-12-19,273.1625061035156,204.1049041748047,483.7656555175781
2025-12-22,270.4674987792969,205.04446411132812,482.7701110839844
2025-12-23,271.85491943359375,203.52137756347656,484.6915283203125
2025-12-24,273.3022155761719,205.49942016601562,485.8563232421875
2025-12-26,272.89300537109375,205.35107421875,485.5476989746094
2025-12-29,273.2523498535156,205.28182983398438,484.9404296875
2025-12-30,272.57354736328125,204.6389617919922,485.3187255859375
2025-12-31,271.3558349609375,204.67852783203125,481.4758605957031
2026-01-02,270.5074462890625,205.0741424560547,470.84320068359375
2026-01-05,266.764404296875,202.0675048828125,470.7536315917969
2026-01-06,261.87347412109375,202.542236328125,476.3885192871094
2026-01-07,259.84722900390625,205.2126007080078,481.3265075683594
2026-01-08,258.55963134765625,203.49169921875,475.9902648925781
2026-01-09,258.8890075683594,202.14663696289062,477.15509033203125
2026-01-12,259.7673645019531,207.4181365966797,475.06439208984375
2026-01-13,260.5658874511719,211.30499267578125,468.5832824707031
2026-01-14,259.4779052734375,216.1511993408203,457.34332275390625
2026-01-15,257.7311706542969,217.16001892089844,454.6353759765625
2026-01-16,255.05612182617188,216.25999450683594,457.8211669921875
2026-01-20,246.2425079345703,215.81494140625,452.5048828125
2026-01-21,247.1907501220703,215.6171417236328,442.1410217285156
2026-01-22,247.8894500732422,216.0918731689453,449.1398620605469
2026-01-23,247.58001708984375,217.7237548828125,463.8841857910156
2026-01-26,254.93637084960938,219.05894470214844,468.19500732421875
2026-01-27,257.7910461425781,221.9765625,478.4493103027344
2026-01-28,255.96444702148438,225.22056579589844,479.49468994140625
2026-01-29,257.801025390625,224.79527282714844,431.57806396484375
2026-01-30,258.99884033203125,224.75570678710938,428.38232421875
2026-02-02,269.50927734375,228.21731567382812,421.49298095703125
2026-02-03,268.98028564453125,230.54151916503906,409.3868713378906
2026-02-04,275.97723388671875,231.89646911621094,412.3536682128906
2026-02-05,275.3983459472656,235.18002319335938,391.9246520996094
2026-02-06,277.6042175292969,237.3558807373047,399.3615417480469
2026-02-09,274.3672180175781,236.02069091796875,411.76629638671875
2026-02-10,273.4280700683594,235.73390197753906,411.437744140625
2026-02-11,275.24639892578125,238.21633911132812,402.57720947265625
2026-02-12,261.4891052246094,241.86582946777344,400.05841064453125
2026-02-13,255.5445556640625,240.7779083251953,399.5407409667969
2026-02-17,263.6371154785156,240.6592254638672,395.1004943847656
2026-02-18,264.106689453125,242.30101013183594,397.828369140625
2026-02-19,260.3401184082031,244.19993591308594,397.5988464355469
2026-02-20,264.3364562988281,239.8284454345703,396.37152099609375
2026-02-23,265.9349670410156,243.1416778564453,383.6390686035156
2026-02-24,271.8895263671875,244.87173461914062,388.1593017578125
2026-02-25,273.97760009765625,243.76808166503906,399.7342224121094
2026-02-26,272.6987609863281,242.0778045654297,400.851806640625
2026-02-27,263.93682861328125,247.00942993164062,391.8912048339844
2026-03-02,264.476318359375,247.13868713378906,397.6886291503906
2026-03-03,263.5072326660156,245.3390350341797,403.0570068359375
2026-03-04,262.2783508300781,243.8973388671875,404.32427978515625
2026-03-05,260.0504150390625,238.259765625,409.79241943359375
2026-03-06,257.2229919433594,239.0253448486328,408.0761413574219
2026-03-09,259.6407775878906,241.20281982421875,408.5251770019531
2026-03-10,260.58990478515625,242.31643676757812,404.8830871582031
2026-03-11,260.5699157714844,241.6005401611328,404.0049743652344
2026-03-12,255.52456665039062,240.6559600830078,400.9914855957031
2026-03-13,249.8897705078125,240.13894653320312,394.69512939453125
2026-03-16,252.58729553222656,241.7993927001953,399.08563232421875
2026-03-17,253.99598693847656,236.74844360351562,398.5467834472656
2026-03-18,249.70994567871094,235.92318725585938,390.9432678222656
2026-03-19,248.73085021972656,236.24136352539062,388.1792297363281
2026-03-20,247.76173400878906,234.02410888671875,381.0447082519531
2026-03-23,251.25851440429688,234.07382202148438,382.1722717285156
2026-03-24,251.4083709716797,233.9246826171875,371.9344177246094
2026-03-25,252.38746643066406,238.5580291748047,370.2381286621094
2026-03-26,252.6572265625,237.8719940185547,365.1790771484375
2026-03-27,248.57098388671875,239.07505798339844,355.9989318847656
2026-03-30,246.40298461914062,241.10340881347656,358.1842041015625
2026-03-31,253.55638122558594,243.04225158691406,369.3699951171875
2026-04-01,255.3946990966797,242.7240753173828,368.57171630859375
2026-04-02,255.68443298339844,241.65025329589844,372.6528625488281
2026-04-06,258.6217041015625,239.5920867919922,372.0741271972656
2026-04-07,253.26666259765625,237.04673767089844,371.48541259765625
2026-04-08,258.66168212890625,239.9202117919922,373.52099609375
2026-04-09,260.2502136230469,239.93014526367188,372.26373291015625
2026-04-10,260.240234375,237.09645080566406,370.0684814453125
2026-04-13,258.96142578125,236.59930419921875,383.539306640625
2026-04-14,258.59173583984375,238.72706604003906,392.2604064941406
2026-04-15,266.18475341796875,237.30523681640625,410.3312683105469
2026-04-16,263.15753173828125,233.1988525390625,419.35174560546875
2026-04-17,269.98126220703125,232.84091186523438,421.87628173828125
2026-04-20,272.79864501953125,229.37088012695312,417.1664733886719
2026-04-21,265.9250183105469,224.8667755126953,423.2433166503906
2026-04-22,272.9185791015625,224.80712890625,431.984375
2026-04-23,273.1783142089844,229.3311004638672,414.8514709472656
2026-04-24,270.81048583984375,226.19911193847656,423.7023010253906
2026-04-27,267.3636474609375,224.0514678955078,423.9018859863281
2026-04-28,270.4608154296875,226.48745727539062,428.3222961425781
2026-04-29,269.92132568359375,226.0499725341797,423.5426330566406
2026-04-30,271.1002502441406,228.5356903076172,406.8987121582031
2026-05-01,279.88214111328125,225.89088439941406,413.5443115234375
2026-05-04,276.5751647949219,222.91798400878906,412.72607421875
2026-05-05,283.9184265136719,224.26026916503906,410.4909362792969
2026-05-06,287.245361328125,223.33558654785156,413.0653381347656
2026-05-07,287.1754150390625,221.23764038085938,419.8606262207031
2026-05-08,293.0500183105469,220.05445861816406,414.22283935546875
2026-05-11,292.67999267578125,220.163818359375,411.7681579589844
2026-05-12,294.79998779296875,222.97763061523438,406.8887023925781
2026-05-13,298.8699951171875,229.1024169921875,404.3342590332031
2026-05-14,298.2099914550781,229.48025512695312,408.5451354980469
2026-05-15,300.2300109863281,225.41363525390625,421.0081481933594
2026-05-18,297.8399963378906,227.61099243164062,422.6246643066406
2026-05-19,298.9700012207031,228.684814453125,416.51788330078125
2026-05-20,302.25,228.0087127685547,420.1499938964844
2026-05-21,304.989990234375,230.40492248535156,419.0899963378906
2026-05-22,308.82000732421875,233.0,418.57000732421875
2026-05-26,308.3299865722656,230.17999267578125,416.0299987792969
2026-05-27,310.8500061035156,231.2899932861328,412.6700134277344
2026-05-28,312.510009765625,230.8000030517578,426.989990234375
2026-05-29,312.05999755859375,225.3300018310547,450.239990234375
2026-06-01,306.30999755859375,223.50999450683594,460.5199890136719
2026-06-02,315.20001220703125,222.88999938964844,441.30999755859375
2026-06-03,310.260009765625,223.24000549316406,427.3399963378906
2026-06-04,311.2300109863281,228.1699981689453,428.04998779296875
2026-06-05,307.3399963378906,232.77000427246094,416.6700134277344
2026-06-08,301.5400085449219,232.16000366210938,411.739990234375
2026-06-09,290.54998779296875,237.0,403.4100036621094
2026-06-10,291.5799865722656,238.49000549316406,397.3599853515625
2026-06-11,295.6300048828125,238.3300018310547,390.3399963378906
2026-06-12,291.1300048828125,240.8699951171875,390.739990234375
2026-06-15,296.4200134277344,235.66000366210938,399.760009765625
2026-06-16,299.239990234375,235.17999267578125,393.8299865722656
2026-06-17,295.95001220703125,234.1999969482422,378.9100036621094
2026-06-18,298.010009765625,228.38999938964844,379.3999938964844
2026-06-22,297.010009765625,231.2899932861328,367.3399963378906
2026-06-23,294.29998779296875,239.0800018310547,373.94000244140625
2026-06-24,293.0799865722656,241.0,365.4599914550781
2026-06-25,275.1499938964844,244.8800048828125,352.8299865722656
2026-06-26,283.7799987792969,254.66000366210938,372.9700012207031
2026-06-29,281.739990234375,258.510009765625,368.57000732421875
2026-06-30,289.3599853515625,253.97000122070312,373.0199890136719
2026-07-01,294.3800048828125,253.97999572753906,384.2799987792969
2026-07-02,308.6300048828125,263.0400085449219,390.489990234375
2026-07-06,312.6600036621094,259.3299865722656,386.739990234375
2026-07-07,310.6600036621094,267.239990234375,388.8399963378906
2026-07-08,313.3900146484375,263.3999938964844,383.3399963378906
